id,name,lastname,price,flycode,typePassenger,statusFlight
1,Lou,Gonzalez,10000,BA2491A,1,1
2,Ulrike,Munoz,25000,IB0800A,1,1
3,Brade,Rojas,20000,MM0987B,1,2
4,Kimbell,Diaz,50000,BA2491A,1,1
5,Sheelagh,Perez,18000,IB0800A,1,1
6,Gayle,Soto,30000,MM0987B,1,2
7,Kimberlee,Contreras,33000,BA2491A,1,1
8,Henrieta,Silva,30000,IB0800A,1,1
9,Jeanine,Martinez,18000,MM0987B,1,2
10,Aggie,Sepulveda,15000,BA2491A,1,1
11,Brandea,Morales,15000,IB0800A,1,1
12,Cordelie,Rodriguez,50000,IB0800A,1,1
13,Shel,Lopez,50000,MM0987B,1,2
14,Bronnie,Fuentes,20000,MM0987B,1,2
15,Megen,Hernandez,10000,BA2491A,1,1
16,Iver,Torres,12000,BA2491A,1,1
17,Ernesta,Araya,37000,BA2491A,1,1
18,Cirillo,Flores,50000,MM0987B,1,2
19,Park,Espinoza,30000,MM0987B,1,2
20,Bellanca,Valenzuela,15000,BA2491A,1,1
21,Bobbye,Castillo,15000,BA2491A,1,1
22,Eugene,Tapia,50000,BA2491A,1,1
23,Johnny,Reyes,33000,MM0987B,1,2
24,Reagen,Gutierrez,42000,MM0987B,1,2
25,Braden,Castro,25000,MM0987B,1,2
26,Karim,Pizarro,25000,MM0987B,1,2
27,Anthea,Alvarez,42000,MM0987B,1,2
28,Doro,Vasquez,33000,IB0800A,1,1
29,Gaye,Sanchez,37000,IB0800A,1,1
30,Toby,Fernandez,15000,IB0800A,1,1
31,Franny,Ramirez,15000,IB0800A,1,1
32,Katey,Carrasco,42000,MM0987B,1,2
33,Earle,Gomez,10000,BA2491A,1,1
34,Redd,Cortes,42000,BA2491A,1,1
35,Jehanna,Herrera,50000,BA2491A,1,1
36,Cristie,Nunez,10000,BA2491A,1,1
37,Stefa,Jara,42000,BA2491A,1,1
38,Roda,Vergara,25000,MM0987B,1,2
39,Alfredo,Rivera,10000,MM0987B,1,2
40,Sydney,Figueroa,10000,MM0987B,1,2
41,Brnaba,Riquelme,30000,MM0987B,1,2
42,Ame,Garcia,50000,BA2491A,2,1
43,Bradney,Miranda,25000,BA2491A,2,1
44,Margarete,Bravo,50000,BA2491A,2,1
45,Nikoletta,Vera,50000,MM0987B,1,2
46,Lonnard,Molina,50000,IB0800A,1,1
47,Raine,Vega,30000,IB0800A,1,1
48,Noella,Campos,15000,IB0800A,1,1
49,Dagmar,Sandoval,25000,IB0800A,1,1
50,Carroll,Orellana,42000,IB0800A,1,1
51,Marion,Cardenas,50000,IB0800A,1,1
52,Carline,Olivares,12000,IB0800A,1,1
53,Hyacinthie,Alarcon,15000,MM0987B,1,2
54,Julina,Gallardo,33000,MM0987B,1,2
55,Corina,Ortiz,37000,MM0987B,1,2
56,Bernardine,Garrido,33000,MM0987B,1,2
57,Homer,Salazar,18000,MM0987B,1,2
58,Lianna,Guzman,12000,MM0987B,1,2
59,Celene,Henriquez,50000,MM0987B,1,2
60,Kori,Saavedra,50000,MM0987B,1,2
61,Deeyn,Navarro,20000,MM0987B,1,2
62,Marysa,Aguilera,20000,MM0987B,1,2
63,Loy,Parra,15000,MM0987B,1,2
64,Gabbey,Romero,37000,MM0987B,1,2
65,Star,Aravena,33000,MM0987B,1,2
66,Dominica,Vargas,33000,IB0800A,1,1
67,Blanch,Vazquez,15000,IB0800A,1,1
68,Cristobal,Caceres,15000,IB0800A,1,1
69,Paulita,Yanez,50000,IB0800A,1,1
70,Sayre,Leiva,33000,IB0800A,1,1
71,Shaughn,Escobar,15000,IB0800A,1,1
72,Katrine,Ruiz,25000,IB0800A,1,1
73,Cristi,Valdes,42000,IB0800A,1,1
74,Cristie,Vidal,25000,IB0800A,2,1
75,Solomon,Salinas,10000,IB0800A,2,1
76,Nananne,Zuniga,33000,IB0800A,2,1
77,Sacha,Pena,25000,IB0800A,2,1
78,Morse,Godoy,25000,IB0800A,2,1
79,Roland,Lagos,25000,IB0800A,2,1
80,Jesselyn,Maldonado,30000,IB0800A,2,1
81,Kylila,Bustos,12000,IB0800A,2,1
82,Kendre,Medina,25000,IB0800A,2,1
83,Lesya,Pino,15000,IB0800A,2,1
84,Tatiania,Palma,20000,IB0800A,2,1
85,Trenton,Moreno,12000,IB0800A,2,1
86,Angie,Sanhueza,20000,MM0987B,1,2
87,Joelle,Carvajal,37000,MM0987B,1,2
88,George,Navarrete,30000,MM0987B,2,2
89,Guenevere,Saez,30000,MM0987B,2,2
90,Margaretha,Alvarado,10000,MM0987B,2,2
91,Sully,Donoso,15000,MM0987B,2,2
92,Lonni,Poblete,50000,MM0987B,2,2
93,Nicky,Bustamante,42000,MM0987B,2,2
94,My,Toro,18000,MM0987B,2,2
95,Kyrstin,Ortega,37000,IB0800A,2,1
96,Martino,Venegas,15000,IB0800A,2,1
97,Marcellus,Guerrero,50000,IB0800A,2,1
98,Jacquelin,Mendoza,30000,IB0800A,2,1
99,Aleda,Farias,50000,IB0800A,2,1
100,Georgeta,San Martin,10000,IB0800A,2,1
101,Marcille,Gonzalez,10000,IB0800A,2,1
102,Ertha,Fernandez,10000,IB0800A,2,1
103,Desiri,Rodriguez,25000,MM0987B,2,2
104,Geneva,Lopez,33000,MM0987B,2,2
105,Kilian,Martinez,42000,MM0987B,2,2
106,Nance,Sanchez,10000,MM0987B,2,2
107,Gaven,Perez,10000,MM0987B,2,2
108,Carlie,Gomez,10000,MM0987B,2,2
109,Trixie,Martin,42000,IB0800A,2,1
110,Dominick,Jimenez,30000,IB0800A,2,1
111,Petey,Ruiz,15000,IB0800A,2,1
112,Tersina,Hernandez,30000,IB0800A,2,1
113,Johnathon,Diaz,15000,IB0800A,2,1
114,Freddie,Moreno,12000,IB0800A,2,1
115,Harmon,Alvarez,50000,IB0800A,2,1
116,Tracey,Munoz,20000,IB0800A,2,1
117,Cherrita,Romero,33000,MM0987B,2,2
118,Stu,Alonso,12000,MM0987B,2,2
119,Glenda,Gutierrez,37000,MM0987B,2,2
120,Lorettalorna,Navarro,25000,MM0987B,2,2
121,Patrizio,Torres,15000,IB0800A,2,1
122,Linda,Dominguez,30000,IB0800A,2,1
123,Pippa,Vazquez,20000,IB0800A,2,1
124,Pen,Ramos,18000,IB0800A,3,1
125,Esteban,Gonzalez,15000,IB0800A,3,1
126,Fonzie,Munoz,15000,IB0800A,3,1
127,Cindelyn,Rojas,12000,IB0800A,3,1
128,Zacharie,Diaz,30000,BA2491A,2,1
129,Vina,Perez,42000,BA2491A,2,1
130,Omero,Soto,10000,BA2491A,2,1
131,Tom,Contreras,33000,BA2491A,2,1
132,Dante,Silva,30000,BA2491A,2,1
133,Cordy,Martinez,18000,BA2491A,2,1
134,Stephenie,Sepulveda,50000,BA2491A,2,1
135,Dunstan,Morales,20000,BA2491A,2,1
136,Gideon,Rodriguez,15000,BA2491A,2,1
137,Johnette,Lopez,10000,BA2491A,2,1
138,Brynn,Fuentes,50000,BA2491A,2,1
139,Yankee,Hernandez,42000,BA2491A,2,1
140,Corbin,Torres,42000,BA2491A,2,1
141,Coreen,Araya,18000,IB0800A,3,1
142,Tanya,Flores,30000,IB0800A,3,1
143,Jenna,Espinoza,25000,IB0800A,3,1
144,Flora,Valenzuela,33000,IB0800A,3,1
145,Dianna,Castillo,20000,IB0800A,3,1
146,Armand,Tapia,15000,IB0800A,3,1
147,Gustie,Reyes,42000,IB0800A,3,1
148,Benton,Gutierrez,12000,IB0800A,3,1
149,Lena,Castro,25000,IB0800A,3,1
150,Dot,Pizarro,18000,IB0800A,3,1
151,Meryl,Alvarez,12000,IB0800A,3,1
152,Babbie,Vasquez,15000,IB0800A,3,1
153,Byram,Sanchez,42000,IB0800A,3,1
154,Bertine,Fernandez,25000,IB0800A,3,1
155,Osbert,Ramirez,42000,IB0800A,3,1
156,Tanny,Carrasco,42000,IB0800A,3,1
157,Maryjo,Gomez,12000,IB0800A,3,1
158,Clarie,Cortes,42000,IB0800A,3,1
159,Kipp,Herrera,15000,IB0800A,3,1
160,Leonie,Nunez,50000,IB0800A,3,1
161,Ferdie,Jara,15000,IB0800A,3,1
162,Ofella,Vergara,50000,IB0800A,3,1
163,Pascale,Rivera,15000,IB0800A,3,1
164,Cathrin,Figueroa,30000,IB0800A,3,1
165,Sib,Riquelme,33000,IB0800A,3,1
166,Darleen,Garcia,42000,IB0800A,3,1
167,Didi,Miranda,15000,IB0800A,3,1
168,Lodovico,Bravo,18000,IB0800A,3,1
169,Farley,Vera,12000,IB0800A,3,1
170,Devi,Molina,25000,IB0800A,3,1
171,Clair,Vega,37000,IB0800A,3,1
172,Addy,Campos,33000,IB0800A,3,1
173,Brandon,Sandoval,18000,IB0800A,3,1
174,Prentiss,Orellana,30000,IB0800A,3,1
175,Lorant,Cardenas,50000,MM0987B,2,2
176,Wanids,Olivares,30000,MM0987B,2,2
177,Robbi,Alarcon,10000,MM0987B,2,2
178,Mellicent,Gallardo,50000,MM0987B,2,2
179,Lynea,Ortiz,20000,MM0987B,2,2
180,Nial,Garrido,15000,MM0987B,2,2
181,Guillaume,Salazar,37000,MM0987B,2,2
182,Loutitia,Guzman,25000,MM0987B,2,2
183,Ruthe,Henriquez,30000,MM0987B,2,2
184,Eric,Saavedra,50000,MM0987B,2,2
185,Marcellus,Navarro,30000,MM0987B,2,2
186,Ian,Aguilera,42000,MM0987B,2,2
187,Sebastien,Parra,37000,MM0987B,2,2
188,Scarface,Romero,50000,MM0987B,2,2
189,Maible,Aravena,18000,MM0987B,2,2
190,Waldon,Vargas,30000,MM0987B,2,2
191,Bethina,Vazquez,15000,MM0987B,2,2
192,Farand,Caceres,42000,MM0987B,2,2
193,Zolly,Yanez,25000,MM0987B,2,2
194,Philipa,Leiva,42000,TU6789B,1,1
195,Roderigo,Escobar,20000,BA2491A,2,1
196,Otho,Ruiz,20000,BA2491A,2,1
197,Alasteir,Valdes,20000,BA2491A,2,1
198,Eleonora,Vidal,42000,BA2491A,3,1
199,Eliot,Salinas,12000,BA2491A,3,1
200,Alana,Zuniga,30000,BA2491A,3,1
201,Odey,Pena,20000,BA2491A,3,1
202,Yorke,Godoy,15000,BA2491A,3,1
203,Cissiee,Lagos,18000,BA2491A,3,1
204,Jillana,Maldonado,18000,BA2491A,3,1
205,Mallorie,Bustos,30000,TU6789B,1,1
206,Borden,Medina,12000,TU6789B,1,1
207,Maddie,Pino,33000,TU6789B,1,1
208,Weider,Palma,50000,TU6789B,1,1
209,Asia,Moreno,37000,TU6789B,1,1
210,Sayres,Sanhueza,10000,TU6789B,1,1
211,Marcile,Carvajal,30000,TU6789B,1,1
212,Thomasina,Navarrete,42000,TU6789B,1,1
213,Darwin,Saez,18000,TU6789B,1,1
214,Nicolina,Alvarado,30000,TU6789B,1,1
215,Nita,Donoso,12000,TU6789B,1,1
216,Nikoletta,Poblete,12000,TU6789B,1,1
217,Dwight,Bustamante,42000,TU6789B,1,1
218,Romola,Toro,50000,TU6789B,1,1
219,Kaile,Ortega,33000,TU6789B,1,1
220,Mozes,Venegas,25000,TU6789B,1,1
221,Aylmer,Guerrero,33000,TU6789B,1,1
222,Marina,Mendoza,12000,TU6789B,1,1
223,Enrico,Farias,50000,TU6789B,1,1
224,Zonda,San Martin,33000,TU6789B,1,1
225,Adriano,Gonzalez,33000,TU6789B,1,1
226,Trula,Fernandez,30000,TU6789B,1,1
227,Adel,Rodriguez,30000,TU6789B,1,1
228,Jeniece,Lopez,15000,TU6789B,1,1
229,Tabina,Martinez,10000,TU6789B,1,1
230,Liana,Sanchez,33000,TU6789B,1,1
231,Marmaduke,Perez,10000,BA2491A,3,1
232,Alla,Gomez,30000,BA2491A,3,1
233,Peter,Martin,12000,BA2491A,3,1
234,Pietro,Jimenez,18000,BA2491A,3,1
235,Hiram,Ruiz,20000,BA2491A,3,1
236,Anastasia,Hernandez,18000,BA2491A,3,1
237,Cathleen,Diaz,10000,TU6789B,1,1
238,Leeanne,Moreno,15000,TU6789B,1,1
239,Chet,Alvarez,42000,TU6789B,1,1
240,Billie,Munoz,37000,TU6789B,1,1
241,Alexandra,Romero,42000,TU6789B,1,1
242,Broddie,Alonso,42000,TU6789B,2,1
243,Brigham,Gutierrez,25000,TU6789B,2,1
244,Cal,Navarro,42000,TU6789B,2,1
245,Donal,Torres,18000,TU6789B,2,1
246,Adam,Dominguez,20000,TU6789B,2,1
247,Dotty,Vazquez,42000,TU6789B,2,1
248,Maynard,Ramos,18000,TU6789B,2,1
249,Jessee,Gonzalez,30000,TU6789B,2,1
250,Tiphani,Munoz,42000,TU6789B,2,1
251,Jenna,Rojas,30000,TU6789B,2,1
252,Karlotte,Diaz,20000,BA2491A,3,1
253,Norene,Perez,25000,BA2491A,3,1
254,Morris,Soto,10000,BA2491A,3,1
255,Yuri,Contreras,25000,BA2491A,3,1
256,Gusty,Silva,10000,BA2491A,3,1
257,Jori,Martinez,12000,BA2491A,3,1
258,Sydelle,Sepulveda,30000,BA2491A,3,1
259,Merrile,Morales,50000,BA2491A,3,1
260,Tadd,Rodriguez,50000,TU6789B,2,1
261,Josiah,Lopez,10000,TU6789B,2,1
262,Melisa,Fuentes,12000,TU6789B,2,1
263,Orelee,Hernandez,20000,TU6789B,2,1
264,Stephen,Torres,37000,TU6789B,2,1
265,Blair,Araya,50000,TU6789B,2,1
266,Arel,Flores,30000,TU6789B,2,1
267,Abbie,Espinoza,25000,TU6789B,2,1
268,Channa,Valenzuela,50000,TU6789B,2,1
269,Shirl,Castillo,20000,TU6789B,2,1
270,Edlin,Tapia,20000,TU6789B,2,1
271,Larina,Reyes,18000,TU6789B,2,1
272,Duncan,Gutierrez,37000,TU6789B,2,1
273,Bond,Castro,10000,TU6789B,2,1
274,Dyann,Pizarro,50000,TU6789B,2,1
275,Charmian,Alvarez,15000,TU6789B,2,1
276,Dru,Vasquez,50000,TU6789B,2,1
277,Kiel,Sanchez,50000,TU6789B,2,1
278,Emory,Fernandez,15000,TU6789B,2,1
279,Alberik,Ramirez,50000,TU6789B,2,1
280,Koenraad,Carrasco,20000,TU6789B,2,1
281,Rafaellle,Gomez,50000,TU6789B,2,1
282,Edie,Cortes,25000,TU6789B,2,1
283,Osbert,Herrera,15000,TU6789B,2,1
284,Sidonia,Nunez,10000,TU6789B,2,1
285,Bartel,Jara,37000,TU6789B,2,1
286,Jodi,Vergara,30000,BA2491A,3,1
287,Ofelia,Rivera,30000,BA2491A,3,1
288,Dudley,Figueroa,42000,BA2491A,3,1
289,Dulcea,Riquelme,25000,BA2491A,3,1
290,Gordon,Garcia,25000,BA2491A,3,1
291,Chalmers,Miranda,10000,BA2491A,3,1
292,Christiano,Bravo,50000,BA2491A,3,1
293,Russell,Vera,50000,BA2491A,3,1
294,Cleo,Molina,50000,BA2491A,3,1
295,Catriona,Vega,42000,TU6789B,2,1
296,Leigh,Campos,37000,TU6789B,2,1
297,Ddene,Sandoval,12000,TU6789B,2,1
298,Sayre,Orellana,18000,TU6789B,3,1
299,Jody,Cardenas,33000,TU6789B,3,1
300,Zabrina,Olivares,12000,TU6789B,3,1
301,Cos,Alarcon,30000,TU6789B,3,1
302,Ron,Gallardo,20000,TU6789B,3,1
303,Charin,Ortiz,12000,TU6789B,3,1
304,Coleman,Garrido,33000,TU6789B,3,1
305,Jacinda,Salazar,50000,TU6789B,3,1
306,Silvan,Guzman,12000,TU6789B,3,1
307,Renie,Henriquez,33000,TU6789B,3,1
308,Davide,Saavedra,42000,TU6789B,3,1
309,Ernestus,Navarro,12000,TU6789B,3,1
310,Brnaba,Aguilera,37000,TU6789B,3,1
311,Tabor,Parra,37000,TU6789B,3,1
312,Lenci,Romero,42000,TU6789B,3,1
313,Franchot,Aravena,12000,TU6789B,3,1
314,Charisse,Vargas,50000,TU6789B,3,1
315,Timothea,Vazquez,20000,TU6789B,3,1
316,Angelika,Caceres,50000,BA2491A,3,1
317,Web,Yanez,37000,BA2491A,3,1
318,Urban,Leiva,10000,BA2491A,3,1
319,Fan,Escobar,18000,BA2491A,3,1
320,Donaugh,Ruiz,12000,BA2491A,3,1
321,Wilona,Valdes,25000,BA2491A,3,1
322,Richard,Vidal,42000,BA2491A,3,1
323,Hilary,Salinas,37000,BA2491A,3,1
324,Ad,Zuniga,33000,BA2491A,3,1
325,Maynord,Pena,42000,BA2491A,3,1
326,Lina,Godoy,12000,TU6789B,3,1
327,Nerty,Lagos,20000,TU6789B,3,1
328,Matias,Maldonado,33000,TU6789B,3,1
329,Urbano,Bustos,50000,TU6789B,3,1
330,Rosemarie,Medina,33000,TU6789B,3,1
331,Booth,Pino,15000,TU6789B,3,1
332,Eden,Palma,18000,TU6789B,3,1
333,Cornie,Moreno,15000,TU6789B,3,1
334,Isak,Sanhueza,20000,TU6789B,3,1
335,Rand,Carvajal,20000,TU6789B,3,1
336,Dominique,Navarrete,37000,TU6789B,3,1
337,Lira,Saez,30000,TU6789B,3,1
338,Filbert,Alvarado,20000,TU6789B,3,1
339,Nona,Donoso,30000,TU6789B,3,1
340,Melloney,Poblete,33000,TU6789B,3,1
341,Rafaello,Bustamante,37000,TU6789B,3,1
342,Floria,Toro,12000,TU6789B,3,1
343,Johannes,Ortega,18000,TU6789B,3,1
344,Genevra,Venegas,10000,TU6789B,3,1
345,Aldric,Guerrero,50000,TU6789B,3,1
346,Janeta,Mendoza,10000,TU6789B,3,1
347,Tarra,Farias,12000,TU6789B,3,1
348,Jefferey,San Martin,33000,TU6789B,3,1
349,Cassie,Gonzalez,50000,TU6789B,3,1
350,Maiga,Fernandez,20000,TU6789B,3,1
351,Heddi,Rodriguez,20000,TU6789B,3,1
352,Marieann,Lopez,50000,TU6789B,3,1
353,Carita,Martinez,42000,TU6789B,3,1
354,Kurtis,Sanchez,50000,TU6789B,3,1
355,Wilfred,Perez,20000,TU6789B,3,1
356,Isabelle,Gomez,20000,TU6789B,3,1
357,Nisse,Martin,37000,TU6789B,3,1
358,Ula,Jimenez,50000,TU6789B,3,1
359,Tully,Ruiz,18000,TU6789B,3,1
360,Honor,Hernandez,30000,TU6789B,3,1
361,Sinclair,Diaz,50000,TU6789B,3,1
362,Buddy,Moreno,50000,TU6789B,3,1
363,Neilla,Alvarez,50000,TU6789B,3,1
364,Junie,Munoz,20000,TU6789B,3,1
365,Neely,Romero,20000,TU6789B,3,1
366,Klarrisa,Alonso,18000,TU6789B,3,1
367,Maryellen,Gutierrez,37000,TU6789B,3,1
368,Clywd,Navarro,33000,TU6789B,3,1
369,Deni,Torres,42000,TU6789B,3,1
370,Ingrim,Dominguez,30000,TU6789B,3,1
371,Franni,Vazquez,42000,TU6789B,3,1
372,Andy,Ramos,37000,TU6789B,3,1
373,Veronica,Gonzalez,42000,TU6789B,3,1
374,Dalis,Munoz,42000,TU6789B,3,1
375,Nanni,Rojas,25000,BA2491A,3,1
376,Vikky,Diaz,15000,BA2491A,3,1
377,Hussein,Perez,25000,BA2491A,3,1
378,Brigg,Soto,10000,BA2491A,3,1
379,Crawford,Contreras,12000,BA2491A,3,1
380,Fran,Silva,30000,BA2491A,3,1
381,Silas,Martinez,15000,BA2491A,3,1
382,Alister,Sepulveda,33000,BA2491A,3,1
383,George,Morales,15000,TU6789B,3,1
384,Nonnah,Rodriguez,25000,TU6789B,3,1
385,Gayel,Lopez,20000,TU6789B,3,1
386,Demeter,Fuentes,10000,TU6789B,3,1
387,Juliann,Hernandez,50000,TU6789B,3,1
388,Shauna,Torres,25000,TU6789B,3,1
389,Anna-maria,Araya,42000,TU6789B,3,1
390,Ag,Flores,50000,TU6789B,3,1
391,Sherwin,Espinoza,50000,MM0987B,2,2
392,Vikki,Valenzuela,33000,MM0987B,2,2
393,Barret,Castillo,10000,MM0987B,2,2
394,Gaelan,Tapia,25000,MM0987B,2,2
395,Livy,Reyes,20000,MM0987B,2,2
396,Iorgos,Gutierrez,18000,MM0987B,2,2
397,Charil,Castro,33000,MM0987B,2,2
398,Easter,Pizarro,30000,MM0987B,2,2
399,Esdras,Alvarez,37000,MM0987B,2,2
400,Prince,Vasquez,25000,MM0987B,3,2
401,Vail,Sanchez,33000,MM0987B,3,2
402,Rachel,Fernandez,12000,MM0987B,3,2
403,Bar,Ramirez,20000,TU6789B,3,1
404,Willa,Carrasco,30000,TU6789B,3,1
405,Amerigo,Gomez,33000,TU6789B,3,1
406,Fredric,Cortes,50000,TU6789B,3,1
407,Mikael,Herrera,50000,TU6789B,3,1
408,Benson,Nunez,20000,TU6789B,3,1
409,Sileas,Jara,20000,TU6789B,3,1
410,Fidelia,Vergara,12000,TU6789B,3,1
411,Frayda,Rivera,30000,TU6789B,3,1
412,Babita,Figueroa,30000,TU6789B,3,1
413,Clair,Riquelme,42000,TU6789B,3,1
414,Morie,Garcia,12000,TU6789B,3,1
415,Skylar,Miranda,20000,TU6789B,3,1
416,Dennie,Bravo,42000,TU6789B,3,1
417,Sibley,Vera,20000,TU6789B,3,1
418,Addia,Molina,20000,TU6789B,3,1
419,Ed,Vega,18000,TU6789B,3,1
420,Lothaire,Campos,12000,TU6789B,3,1
421,Neila,Sandoval,15000,TU6789B,3,1
422,Jennifer,Orellana,15000,GU2345F,1,4
423,Keelby,Cardenas,15000,GU2345F,1,4
424,Chuck,Olivares,33000,GU2345F,1,4
425,Jordan,Alarcon,33000,GU2345F,1,4
426,Minnnie,Gallardo,20000,GU2345F,1,4
427,Carine,Ortiz,33000,GU2345F,1,4
428,Kelly,Garrido,37000,GU2345F,1,4
429,Coleman,Salazar,25000,GU2345F,1,4
430,Pincus,Guzman,42000,GU2345F,1,4
431,Smitty,Henriquez,15000,GU2345F,1,4
432,Wade,Saavedra,12000,GU2345F,1,4
433,Emmit,Navarro,12000,GU2345F,1,4
434,Brietta,Aguilera,42000,GU2345F,1,4
435,Wesley,Parra,10000,GU2345F,1,4
436,Felicdad,Romero,18000,GU2345F,1,4
437,Any,Aravena,18000,GU2345F,1,4
438,Gardie,Vargas,12000,GU2345F,1,4
439,Leelah,Vazquez,25000,GU2345F,1,4
440,Garold,Caceres,20000,GU2345F,1,4
441,Regine,Yanez,10000,GU2345F,1,4
442,Tam,Leiva,20000,GU2345F,2,4
443,Davon,Escobar,20000,GU2345F,2,4
444,Chrissy,Ruiz,18000,GU2345F,2,4
445,Ozzie,Valdes,20000,GU2345F,2,4
446,Rina,Vidal,20000,GU2345F,2,4
447,Guy,Salinas,42000,GU2345F,2,4
448,Lenora,Zuniga,18000,GU2345F,2,4
449,Julietta,Pena,42000,GU2345F,2,4
450,Alexandr,Godoy,18000,GU2345F,2,4
451,Margalit,Lagos,15000,GU2345F,2,4
452,Samara,Maldonado,50000,GU2345F,2,4
453,Portie,Bustos,15000,GU2345F,2,4
454,Korella,Medina,33000,GU2345F,2,4
455,Hilly,Pino,30000,GU2345F,2,4
456,Leeanne,Palma,10000,GU2345F,2,4
457,Arnaldo,Moreno,10000,GU2345F,2,4
458,Kassi,Sanhueza,37000,GU2345F,2,4
459,Karen,Carvajal,20000,GU2345F,2,4
460,Mac,Navarrete,20000,GU2345F,2,4
461,Anthia,Saez,37000,GU2345F,2,4
462,Marsiella,Alvarado,20000,GU2345F,2,4
463,Shea,Donoso,12000,GU2345F,2,4
464,Liana,Poblete,15000,GU2345F,2,4
465,Carley,Bustamante,12000,GU2345F,2,4
466,Carlye,Toro,37000,GU2345F,2,4
467,Svend,Ortega,25000,GU2345F,2,4
468,Kendell,Venegas,25000,GU2345F,2,4
469,Chrisy,Guerrero,15000,GU2345F,2,4
470,Rod,Mendoza,50000,GU2345F,2,4
471,Ramsay,Farias,20000,GU2345F,2,4
472,Saidee,San Martin,50000,GU2345F,2,4
473,Erek,Gonzalez,10000,GU2345F,2,4
474,Salomi,Fernandez,10000,GU2345F,2,4
475,Coletta,Rodriguez,50000,GU2345F,2,4
476,Abigael,Lopez,12000,GU2345F,2,4
477,Mariele,Martinez,33000,GU2345F,3,4
478,Brooke,Sanchez,20000,GU2345F,3,4
479,Benita,Perez,25000,GU2345F,3,4
480,Marissa,Gomez,37000,GU2345F,3,4
481,Lionello,Martin,37000,GU2345F,3,4
482,Tori,Jimenez,42000,GU2345F,3,4
483,Micheil,Ruiz,37000,GU2345F,3,4
484,Kym,Hernandez,20000,GU2345F,3,4
485,Melisse,Diaz,10000,GU2345F,3,4
486,Bartholomew,Moreno,33000,GU2345F,3,4
487,Rorie,Alvarez,25000,GU2345F,3,4
488,Hedvige,Munoz,37000,GU2345F,3,4
489,Dorothea,Romero,15000,GU2345F,3,4
490,Tamarah,Alonso,50000,GU2345F,3,4
491,Skipton,Gutierrez,10000,GU2345F,3,4
492,Minny,Navarro,33000,GU2345F,3,4
493,Joshia,Torres,33000,GU2345F,3,4
494,Mirilla,Dominguez,30000,GU2345F,3,4
495,Willey,Vazquez,15000,GU2345F,3,4
496,Conrado,Ramos,50000,GU2345F,3,4
497,Fredia,Gonzalez,30000,GU2345F,3,4
498,Gretchen,Munoz,12000,GU2345F,3,4
499,Bibbie,Rojas,37000,GU2345F,3,4
500,Warren,Diaz,25000,GU2345F,3,4
501,Gabi,Perez,30000,GU2345F,3,4
502,Callie,Soto,50000,GU2345F,3,4
503,Patton,Contreras,15000,GU2345F,3,4
504,Karie,Silva,25000,GU2345F,3,4
505,Martguerita,Martinez,50000,GU2345F,3,4
506,Lothaire,Sepulveda,20000,GU2345F,3,4
507,Patrice,Morales,37000,GU2345F,3,4
508,Lin,Rodriguez,12000,MM0987B,3,2
509,Cornie,Lopez,42000,MM0987B,3,2
510,Irena,Fuentes,20000,MM0987B,3,2
511,Markos,Hernandez,20000,MM0987B,3,2
512,Bird,Torres,18000,MM0987B,3,2
513,Lorna,Araya,42000,MM0987B,3,2
514,Vincents,Flores,25000,MM0987B,3,2
515,Torrey,Espinoza,42000,GU2345F,3,4
516,Pernell,Valenzuela,50000,GU2345F,3,4
517,Danya,Castillo,25000,GU2345F,3,4
518,Erda,Tapia,37000,GU2345F,3,4
519,Ethe,Reyes,20000,GU2345F,3,4
520,Coop,Gutierrez,37000,GU2345F,3,4
521,Sheridan,Castro,50000,GU2345F,3,4
522,Charles,Pizarro,42000,GU2345F,3,4
523,Eddy,Alvarez,12000,GU2345F,3,4
524,Janey,Vasquez,42000,GU2345F,3,4
525,Edan,Sanchez,20000,GU2345F,3,4
526,Homer,Fernandez,10000,GU2345F,3,4
527,Eveline,Ramirez,37000,GU2345F,3,4
528,Helen-elizabeth,Carrasco,20000,GU2345F,3,4
529,Daveta,Gomez,20000,GU2345F,3,4
530,Mort,Cortes,42000,GU2345F,3,4
531,Maxi,Herrera,37000,GU2345F,3,4
532,Nathalie,Nunez,37000,GU2345F,3,4
533,Dennison,Jara,25000,GU2345F,3,4
534,Bunnie,Vergara,33000,GU2345F,3,4
535,Frans,Rivera,33000,BA2491A,3,1
536,Delmar,Figueroa,42000,BA2491A,3,1
537,Ced,Riquelme,20000,BA2491A,3,1
538,Caren,Garcia,12000,BA2491A,3,1
539,Christie,Miranda,18000,BA2491A,3,1
540,Saunders,Bravo,25000,BA2491A,3,1
541,Deny,Vera,18000,GU2345F,3,4
542,Gene,Molina,15000,GU2345F,3,4
543,Margeaux,Vega,18000,GU2345F,3,4
544,Prisca,Campos,18000,GU2345F,3,4
545,Domini,Sandoval,18000,GU2345F,3,4
546,Henrie,Orellana,50000,GU2345F,3,4
547,Marj,Cardenas,18000,GU2345F,3,4
548,Mab,Olivares,25000,GU2345F,3,4
549,Josiah,Alarcon,12000,GU2345F,3,4
550,Mathe,Gallardo,12000,GU2345F,3,4
551,Gauthier,Ortiz,12000,GU2345F,3,4
552,Delmore,Garrido,33000,GU2345F,3,4
553,Lynett,Salazar,37000,GU2345F,3,4
554,Lucais,Guzman,42000,GU2345F,3,4
555,Clarice,Henriquez,33000,GU2345F,3,4
556,Aeriela,Saavedra,37000,GU2345F,3,4
557,Babbie,Navarro,15000,GU2345F,3,4
558,Caren,Aguilera,15000,GU2345F,3,4
559,Jessamine,Parra,18000,GU2345F,3,4
560,Hesther,Romero,15000,GU2345F,3,4
561,Sasha,Aravena,15000,GU2345F,3,4
562,Erica,Vargas,10000,GU2345F,3,4
563,Keith,Vazquez,10000,GU2345F,3,4
564,Briney,Caceres,12000,GU2345F,3,4
565,Rutherford,Yanez,15000,GU2345F,3,4
566,Lemmie,Leiva,18000,GU2345F,3,4
567,Dur,Escobar,25000,GU2345F,3,4
568,Modesta,Ruiz,33000,GU2345F,3,4
569,Carter,Valdes,33000,GU2345F,3,4
570,Retha,Vidal,15000,GU2345F,3,4
571,Carma,Salinas,33000,GU2345F,3,4
572,Antonella,Zuniga,15000,GU2345F,3,4
573,Sutherlan,Pena,10000,GU2345F,3,4
574,Phillipe,Godoy,37000,GU2345F,3,4
575,Florida,Lagos,37000,HY4567D,1,3
576,Corrina,Maldonado,15000,HY4567D,1,3
577,Adrianne,Bustos,10000,HY4567D,1,3
578,Scarlett,Medina,20000,HY4567D,1,3
579,Shel,Pino,25000,HY4567D,1,3
580,Delaney,Palma,50000,HY4567D,1,3
581,Tiphani,Moreno,33000,HY4567D,1,3
582,Grier,Sanhueza,42000,HY4567D,1,3
583,Annabell,Carvajal,15000,HY4567D,1,3
584,Basil,Navarrete,12000,HY4567D,1,3
585,Horatius,Saez,18000,HY4567D,1,3
586,Umeko,Alvarado,30000,HY4567D,1,3
587,Hayes,Donoso,10000,HY4567D,1,3
588,Lynnette,Poblete,37000,HY4567D,1,3
589,Hesther,Bustamante,33000,HY4567D,1,3
590,Trumaine,Toro,15000,HY4567D,1,3
591,Emlyn,Ortega,50000,HY4567D,1,3
592,Corabelle,Venegas,37000,HY4567D,1,3
593,Vic,Guerrero,25000,HY4567D,1,3
594,Cyndia,Mendoza,33000,HY4567D,1,3
595,Gray,Farias,42000,HY4567D,1,3
596,Dylan,San Martin,30000,HY4567D,1,3
597,Isabelle,Gonzalez,20000,HY4567D,1,3
598,Eachelle,Fernandez,37000,HY4567D,1,3
599,Howard,Rodriguez,18000,HY4567D,1,3
600,Cornall,Lopez,18000,HY4567D,1,3
601,Emmalee,Martinez,18000,HY4567D,1,3
602,Brian,Sanchez,20000,HY4567D,1,3
603,Cahra,Perez,50000,HY4567D,2,3
604,Arvin,Gomez,50000,HY4567D,2,3
605,Minda,Martin,15000,HY4567D,2,3
606,Dedie,Jimenez,33000,HY4567D,2,3
607,Lydia,Ruiz,15000,HY4567D,2,3
608,Joshia,Hernandez,25000,HY4567D,2,3
609,Bernita,Diaz,15000,HY4567D,2,3
610,Sayre,Moreno,33000,HY4567D,2,3
611,Pearla,Alvarez,20000,HY4567D,2,3
612,Fidole,Munoz,30000,HY4567D,2,3
613,Evin,Romero,12000,HY4567D,2,3
614,Fredia,Alonso,20000,HY4567D,2,3
615,Idalina,Gutierrez,50000,HY4567D,2,3
616,Hetti,Navarro,30000,HY4567D,2,3
617,Kirk,Torres,30000,HY4567D,2,3
618,Orson,Dominguez,25000,HY4567D,2,3
619,Lyndsay,Vazquez,42000,HY4567D,2,3
620,Lissy,Ramos,37000,HY4567D,2,3
621,Odessa,Gonzalez,50000,HY4567D,2,3
622,Hestia,Munoz,18000,HY4567D,2,3
623,Dorotea,Rojas,10000,HY4567D,2,3
624,Giraud,Diaz,15000,HY4567D,2,3
625,Tonya,Perez,37000,HY4567D,2,3
626,Menard,Soto,37000,HY4567D,2,3
627,Nicola,Contreras,12000,HY4567D,2,3
628,Maddy,Silva,25000,HY4567D,2,3
629,Mace,Martinez,18000,HY4567D,2,3
630,Lyndy,Sepulveda,37000,HY4567D,2,3
631,Ivonne,Morales,20000,HY4567D,2,3
632,Josepha,Rodriguez,20000,HY4567D,3,3
633,Shandra,Lopez,50000,HY4567D,3,3
634,Viva,Fuentes,25000,HY4567D,3,3
635,Sherwin,Hernandez,10000,HY4567D,3,3
636,Abigail,Torres,18000,HY4567D,3,3
637,Rosalia,Araya,18000,HY4567D,3,3
638,Merissa,Flores,25000,HY4567D,3,3
639,Marylee,Espinoza,50000,HY4567D,3,3
640,Wolfy,Valenzuela,33000,HY4567D,3,3
641,Maia,Castillo,10000,HY4567D,3,3
642,Elinor,Tapia,33000,HY4567D,3,3
643,Neron,Reyes,42000,HY4567D,3,3
644,Malachi,Gutierrez,25000,HY4567D,3,3
645,Sarajane,Castro,10000,HY4567D,3,3
646,Arlie,Pizarro,42000,HY4567D,3,3
647,Felike,Alvarez,12000,HY4567D,3,3
648,Ethan,Vasquez,12000,HY4567D,3,3
649,Ruthy,Sanchez,20000,HY4567D,3,3
650,Hugo,Fernandez,30000,HY4567D,3,3
651,Thorndike,Ramirez,10000,HY4567D,3,3
652,Cesaro,Carrasco,30000,HY4567D,3,3
653,Harmonia,Gomez,12000,HY4567D,3,3
654,Damara,Cortes,12000,HY4567D,3,3
655,Maddy,Herrera,25000,HY4567D,3,3
656,Filmer,Nunez,50000,HY4567D,3,3
657,Boothe,Jara,12000,HY4567D,3,3
658,Dorrie,Vergara,42000,HY4567D,3,3
659,Willdon,Rivera,10000,HY4567D,3,3
660,Cindi,Figueroa,12000,HY4567D,3,3
661,Shermie,Riquelme,12000,HY4567D,3,3
662,Byrom,Garcia,42000,HY4567D,3,3
663,Millie,Miranda,15000,HY4567D,3,3
664,Natassia,Bravo,42000,HY4567D,3,3
665,Wheeler,Vera,25000,HY4567D,3,3
666,Caritta,Molina,12000,HY4567D,3,3
667,Kennan,Vega,12000,HY4567D,3,3
668,Katina,Campos,20000,HY4567D,3,3
669,Beverlee,Sandoval,25000,HY4567D,3,3
670,Arlette,Orellana,30000,HY4567D,3,3
671,Jacqueline,Cardenas,50000,HY4567D,3,3
672,Sheila-kathryn,Olivares,10000,HY4567D,3,3
673,Lambert,Alarcon,42000,HY4567D,3,3
674,Lamont,Gallardo,33000,HY4567D,3,3
675,Immanuel,Ortiz,33000,HY4567D,3,3
676,Nani,Garrido,50000,HY4567D,3,3
677,Galen,Salazar,50000,HY4567D,3,3
678,Nilson,Guzman,10000,HY4567D,3,3
679,Tomi,Henriquez,50000,HY4567D,3,3
680,Flore,Saavedra,30000,HY4567D,3,3
681,Burgess,Navarro,12000,HY4567D,3,3
682,Tally,Aguilera,42000,HY4567D,3,3
683,Jaquenette,Parra,25000,HY4567D,3,3
684,Sly,Romero,42000,HY4567D,3,3
685,Yul,Aravena,30000,HY4567D,3,3
686,Rosalyn,Vargas,37000,HY4567D,3,3
687,Devondra,Vazquez,10000,HY4567D,3,3
688,Xenos,Caceres,37000,HY4567D,3,3
689,Terrence,Yanez,42000,HY4567D,3,3
690,Krystyna,Leiva,50000,HY4567D,3,3
691,Krishna,Escobar,50000,HY4567D,3,3
692,Zorina,Ruiz,18000,HY4567D,3,3
693,Baxy,Valdes,20000,HY4567D,3,3
694,Terrie,Vidal,42000,HY4567D,3,3
695,Justino,Salinas,18000,HY4567D,3,3
696,Erhard,Zuniga,33000,HY4567D,3,3
697,Robbie,Pena,30000,HY4567D,3,3
698,Paddie,Godoy,33000,HY4567D,3,3
699,Evelyn,Lagos,10000,HY4567D,3,3
700,Abbot,Maldonado,33000,HY4567D,3,3
701,Tedra,Bustos,33000,HY4567D,3,3
702,Rikki,Medina,12000,HY4567D,3,3
703,Alverta,Pino,25000,HY4567D,3,3
704,Pauly,Palma,30000,HY4567D,3,3
705,Ariella,Moreno,12000,HY4567D,3,3
706,Lia,Sanhueza,20000,HY4567D,3,3
707,Petronille,Carvajal,42000,HY4567D,3,3
708,Merle,Navarrete,10000,HY4567D,3,3
709,Hagan,Saez,50000,HY4567D,3,3
710,Nikolaus,Alvarado,30000,HY4567D,3,3
711,Cinda,Donoso,42000,HY4567D,3,3
712,Matelda,Poblete,18000,HY4567D,3,3
713,Roslyn,Bustamante,25000,HY4567D,3,3
714,Jerrylee,Toro,10000,HY4567D,3,3
715,Lucky,Ortega,42000,IB0800A,3,1
716,Elita,Venegas,18000,IB0800A,3,1
717,Hyacinthia,Guerrero,25000,IB0800A,3,1
718,Fina,Mendoza,42000,IB0800A,3,1
719,Kamila,Farias,42000,IB0800A,3,1
720,Jennie,San Martin,42000,IB0800A,3,1
721,Riobard,Gonzalez,42000,IB0800A,3,1
722,Joannes,Fernandez,10000,IB0800A,3,1
723,Darlene,Rodriguez,42000,IB0800A,3,1
724,Zia,Lopez,42000,IB0800A,3,1
725,Cristina,Martinez,15000,IB0800A,3,1
726,Jonathon,Sanchez,50000,IB0800A,3,1
727,Rickie,Perez,42000,IB0800A,3,1
728,Klara,Gomez,50000,IB0800A,3,1
729,Osbert,Martin,33000,IB0800A,3,1
730,Emmet,Jimenez,37000,IB0800A,3,1
731,Cassandry,Ruiz,33000,IB0800A,3,1
732,Enrica,Hernandez,18000,IB0800A,3,1
733,Evvy,Diaz,42000,IB0800A,3,1
734,Silas,Moreno,20000,IB0800A,3,1
735,Kaia,Alvarez,25000,IB0800A,3,1
736,Arvie,Munoz,15000,IB0800A,3,1
737,Keith,Romero,20000,FR5678G,1,2
738,Silvie,Alonso,12000,FR5678G,1,2
739,Winnifred,Gutierrez,10000,FR5678G,1,2
740,Chen,Navarro,37000,FR5678G,1,2
741,Carleton,Torres,15000,FR5678G,1,2
742,Silvano,Dominguez,12000,FR5678G,1,2
743,Pancho,Vazquez,18000,FR5678G,1,2
744,Melonie,Ramos,33000,FR5678G,1,2
745,Gordon,Gonzalez,12000,FR5678G,1,2
746,Rosemarie,Munoz,10000,FR5678G,1,2
747,Graehme,Rojas,18000,FR5678G,1,2
748,Mitchael,Diaz,33000,FR5678G,1,2
749,Carola,Perez,10000,FR5678G,1,2
750,Zsa zsa,Soto,20000,FR5678G,1,2
751,Jude,Contreras,12000,FR5678G,1,2
752,Arch,Silva,33000,FR5678G,1,2
753,Andrej,Martinez,50000,FR5678G,1,2
754,Amber,Sepulveda,42000,FR5678G,1,2
755,Dorian,Morales,15000,FR5678G,1,2
756,Kaitlynn,Rodriguez,15000,FR5678G,1,2
757,Kerianne,Lopez,37000,FR5678G,1,2
758,Boycie,Fuentes,18000,FR5678G,1,2
759,Nanete,Hernandez,37000,FR5678G,1,2
760,Sidonia,Torres,10000,FR5678G,1,2
761,Galvan,Araya,33000,FR5678G,1,2
762,Lucienne,Flores,25000,FR5678G,1,2
763,Davidson,Espinoza,37000,FR5678G,1,2
764,Roslyn,Valenzuela,10000,FR5678G,1,2
765,Jenny,Castillo,33000,FR5678G,2,2
766,Toby,Tapia,20000,FR5678G,2,2
767,Brynne,Reyes,18000,FR5678G,2,2
768,Blakeley,Gutierrez,18000,FR5678G,2,2
769,Egan,Castro,10000,FR5678G,2,2
770,Barbey,Pizarro,20000,FR5678G,2,2
771,Portia,Alvarez,33000,FR5678G,2,2
772,Alica,Vasquez,37000,FR5678G,2,2
773,Juliana,Sanchez,50000,FR5678G,2,2
774,Barde,Fernandez,18000,FR5678G,2,2
775,Wilie,Ramirez,30000,FR5678G,2,2
776,Letta,Carrasco,10000,FR5678G,2,2
777,Ree,Gomez,42000,FR5678G,2,2
778,Ingmar,Cortes,18000,FR5678G,2,2
779,Melva,Herrera,42000,FR5678G,2,2
780,Tootsie,Nunez,25000,FR5678G,2,2
781,Felike,Jara,33000,FR5678G,2,2
782,Laughton,Vergara,15000,FR5678G,2,2
783,Crosby,Rivera,12000,FR5678G,2,2
784,Marianne,Figueroa,33000,FR5678G,2,2
785,Francine,Riquelme,42000,FR5678G,2,2
786,Edan,Garcia,50000,FR5678G,2,2
787,Fayre,Miranda,18000,FR5678G,2,2
788,Adelaida,Bravo,37000,FR5678G,2,2
789,Florella,Vera,25000,FR5678G,2,2
790,Noll,Molina,30000,FR5678G,2,2
791,Ki,Vega,42000,FR5678G,2,2
792,Jermayne,Campos,33000,FR5678G,2,2
793,Grayce,Sandoval,33000,FR5678G,2,2
794,Harv,Orellana,42000,FR5678G,2,2
795,Lorianna,Cardenas,15000,FR5678G,2,2
796,Hersh,Olivares,33000,FR5678G,2,2
797,Diahann,Alarcon,33000,FR5678G,2,2
798,Yelena,Gallardo,50000,FR5678G,2,2
799,Emmaline,Ortiz,37000,FR5678G,2,2
800,Daffi,Garrido,12000,FR5678G,2,2
801,Janine,Salazar,50000,FR5678G,2,2
802,Sheilah,Guzman,42000,FR5678G,2,2
803,Lazaro,Henriquez,10000,FR5678G,2,2
804,Earle,Saavedra,30000,FR5678G,2,2
805,Fred,Navarro,25000,FR5678G,3,2
806,Almira,Aguilera,42000,FR5678G,3,2
807,Wini,Parra,37000,FR5678G,3,2
808,Emanuel,Romero,30000,FR5678G,3,2
809,Obadias,Aravena,10000,FR5678G,3,2
810,Efrem,Vargas,20000,FR5678G,3,2
811,Susi,Vazquez,18000,FR5678G,3,2
812,Maxy,Caceres,15000,FR5678G,3,2
813,Agnes,Yanez,42000,FR5678G,3,2
814,Obadiah,Leiva,12000,FR5678G,3,2
815,Lefty,Escobar,50000,FR5678G,3,2
816,Michele,Ruiz,42000,FR5678G,3,2
817,Cynthia,Valdes,25000,FR5678G,3,2
818,Hyatt,Vidal,20000,FR5678G,3,2
819,Roch,Salinas,33000,FR5678G,3,2
820,Mag,Zuniga,12000,FR5678G,3,2
821,Trevor,Pena,10000,FR5678G,3,2
822,Jefferey,Godoy,10000,FR5678G,3,2
823,Tania,Lagos,42000,FR5678G,3,2
824,Mercie,Maldonado,42000,FR5678G,3,2
825,Andrei,Bustos,10000,FR5678G,3,2
826,Yetta,Medina,25000,FR5678G,3,2
827,Angeli,Pino,20000,FR5678G,3,2
828,Norbert,Palma,20000,FR5678G,3,2
829,Conan,Moreno,20000,FR5678G,3,2
830,Cale,Sanhueza,50000,FR5678G,3,2
831,Christina,Carvajal,37000,FR5678G,3,2
832,Olivier,Navarrete,20000,FR5678G,3,2
833,Oby,Saez,12000,FR5678G,3,2
834,Chad,Alvarado,15000,FR5678G,3,2
835,Adelle,Donoso,10000,FR5678G,3,2
836,Keene,Poblete,25000,FR5678G,3,2
837,Corrina,Bustamante,50000,FR5678G,3,2
838,Hashim,Toro,50000,FR5678G,3,2
839,Oralia,Ortega,10000,FR5678G,3,2
840,Wadsworth,Venegas,30000,FR5678G,3,2
841,Shelley,Guerrero,15000,FR5678G,3,2
842,Irv,Mendoza,15000,FR5678G,3,2
843,Grant,Farias,33000,FR5678G,3,2
844,Bella,San Martin,18000,FR5678G,3,2
845,Yardley,Gonzalez,50000,FR5678G,3,2
846,Brendin,Fernandez,10000,FR5678G,3,2
847,Estella,Rodriguez,42000,FR5678G,3,2
848,Rasia,Lopez,37000,FR5678G,3,2
849,Gibb,Martinez,20000,FR5678G,3,2
850,Amanda,Sanchez,37000,FR5678G,3,2
851,Sidoney,Perez,20000,FR5678G,3,2
852,Giacopo,Gomez,18000,FR5678G,3,2
853,Eve,Martin,12000,FR5678G,3,2
854,Levon,Jimenez,25000,FR5678G,3,2
855,Vassili,Ruiz,33000,FR5678G,3,2
856,Henrieta,Hernandez,30000,FR5678G,3,2
857,Devlen,Diaz,37000,FR5678G,3,2
858,Ophelie,Moreno,37000,FR5678G,3,2
859,Abramo,Alvarez,37000,FR5678G,3,2
860,Fair,Munoz,37000,FR5678G,3,2
861,Pietrek,Romero,25000,FR5678G,3,2
862,Holden,Alonso,50000,FR5678G,3,2
863,Cherish,Gutierrez,42000,FR5678G,3,2
864,Alonzo,Navarro,12000,FR5678G,3,2
865,Devonna,Torres,18000,FR5678G,3,2
866,Rubi,Dominguez,18000,FR5678G,3,2
867,Emmanuel,Vazquez,30000,FR5678G,3,2
868,Trumaine,Ramos,42000,FR5678G,3,2
869,Malory,Gonzalez,42000,FR5678G,3,2
870,Pearla,Munoz,33000,FR5678G,3,2
871,Phelia,Rojas,33000,FR5678G,3,2
872,Madonna,Diaz,10000,FR5678G,3,2
873,Thomasa,Perez,18000,FR5678G,3,2
874,Estella,Soto,20000,FR5678G,3,2
875,Saw,Contreras,15000,FR5678G,3,2
876,Cecil,Silva,37000,FR5678G,3,2
877,Mac,Martinez,25000,FR5678G,3,2
878,Ralf,Sepulveda,12000,FR5678G,3,2
879,Barbey,Morales,12000,FR5678G,3,2
880,Josi,Rodriguez,18000,FR5678G,3,2
881,Kenna,Lopez,25000,FR5678G,3,2
882,Rina,Fuentes,25000,FR5678G,3,2
883,Callida,Hernandez,33000,FR5678G,3,2
884,Lona,Torres,30000,FR5678G,3,2
885,Jan,Araya,18000,FR5678G,3,2
886,Bailey,Flores,30000,FR5678G,3,2
887,Guillermo,Espinoza,42000,FR5678G,3,2
888,Katlin,Valenzuela,25000,FR5678G,3,2
889,Flo,Castillo,42000,FR5678G,3,2
890,Madel,Tapia,12000,FR5678G,3,2
891,Conant,Reyes,37000,FR5678G,3,2
892,Devland,Gutierrez,10000,FR5678G,3,2
893,Annamarie,Castro,20000,FR5678G,3,2
894,Gabbie,Pizarro,42000,FR5678G,3,2
895,Frasquito,Alvarez,15000,FR5678G,3,2
896,Oberon,Vasquez,15000,FR5678G,3,2
897,Gabriell,Sanchez,10000,FR5678G,3,2
898,Ki,Fernandez,30000,BR3456J,1,3
899,Martelle,Ramirez,15000,BR3456J,1,3
900,Riccardo,Carrasco,42000,BR3456J,1,3
901,Shaughn,Gomez,50000,BR3456J,1,3
902,Coral,Cortes,18000,BR3456J,1,3
903,Judas,Herrera,10000,BR3456J,1,3
904,Josiah,Nunez,12000,BR3456J,1,3
905,Freda,Jara,42000,BR3456J,1,3
906,Lynn,Vergara,37000,BR3456J,2,3
907,Tabb,Rivera,50000,BR3456J,2,3
908,Brittany,Figueroa,18000,MM0987B,3,2
909,Leo,Riquelme,42000,MM0987B,3,2
910,Atlante,Garcia,33000,MM0987B,3,2
911,Maurie,Miranda,50000,MM0987B,3,2
912,Oren,Bravo,20000,MM0987B,3,2
913,Anetta,Vera,10000,MM0987B,3,2
914,Curry,Molina,20000,MM0987B,3,2
915,Tyrone,Vega,15000,MM0987B,3,2
916,Saunder,Campos,37000,MM0987B,3,2
917,Luis,Sandoval,12000,MM0987B,3,2
918,Alysia,Orellana,37000,MM0987B,3,2
919,Calypso,Cardenas,12000,BR3456J,2,3
920,Gretna,Olivares,42000,BR3456J,2,3
921,Odie,Alarcon,20000,BR3456J,2,3
922,Wenda,Gallardo,12000,BR3456J,2,3
923,Ezekiel,Ortiz,20000,BR3456J,2,3
924,Orlan,Garrido,25000,BR3456J,2,3
925,Wittie,Salazar,37000,BR3456J,2,3
926,Abbie,Guzman,18000,BR3456J,3,3
927,Robinia,Henriquez,10000,BR3456J,3,3
928,Hayden,Saavedra,30000,BR3456J,3,3
929,Melody,Navarro,20000,BR3456J,3,3
930,Emory,Aguilera,37000,BR3456J,3,3
931,Callie,Parra,10000,BR3456J,3,3
932,Debby,Romero,18000,IB0800A,3,1
933,Gui,Aravena,20000,IB0800A,3,1
934,Dorette,Vargas,37000,IB0800A,3,1
935,Jillane,Vazquez,37000,IB0800A,3,1
936,Carolina,Caceres,33000,IB0800A,3,1
937,Randy,Yanez,15000,IB0800A,3,1
938,Arabel,Leiva,50000,IB0800A,3,1
939,Verina,Escobar,37000,IB0800A,3,1
940,Josefina,Ruiz,30000,IB0800A,3,1
941,Nina,Valdes,25000,IB0800A,3,1
942,Vernen,Vidal,18000,IB0800A,3,1
943,Loria,Salinas,25000,IB0800A,3,1
944,Isabeau,Zuniga,37000,BA2491A,3,1
945,Cherice,Pena,15000,BR3456J,3,3
946,Kimberley,Godoy,18000,BR3456J,3,3
947,Martyn,Lagos,25000,BR3456J,3,3
948,Agustin,Maldonado,25000,BR3456J,3,3
949,Clerissa,Bustos,15000,BR3456J,3,3
950,Lonna,Medina,10000,BR3456J,3,3
951,Wake,Pino,25000,BR3456J,3,3
952,Edwina,Palma,42000,MM0987B,3,2
953,Lacey,Moreno,50000,MM0987B,3,2
954,Laetitia,Sanhueza,33000,MM0987B,3,2
955,Delila,Carvajal,20000,MM0987B,3,2
956,Sioux,Navarrete,12000,MM0987B,3,2
957,Floyd,Saez,15000,MM0987B,3,2
958,Trista,Alvarado,50000,BR3456J,3,3
959,Shaughn,Donoso,15000,BR3456J,3,3
960,Zitella,Poblete,42000,BR3456J,3,3
961,Ginnie,Bustamante,15000,BR3456J,3,3
962,Burty,Toro,12000,BR3456J,3,3
963,Arley,Ortega,33000,BR3456J,3,3
964,Ansley,Venegas,37000,BR3456J,3,3
965,Kirstin,Guerrero,12000,BR3456J,3,3
966,Karon,Mendoza,10000,BR3456J,3,3
967,Esme,Farias,37000,BR3456J,3,3
968,Berenice,San Martin,10000,IB0800A,3,1
969,Charlie,Gonzalez,50000,IB0800A,3,1
970,Noach,Fernandez,12000,IB0800A,3,1
971,Mercedes,Rodriguez,12000,IB0800A,3,1
972,Sloan,Lopez,42000,IB0800A,3,1
973,Guglielma,Martinez,15000,IB0800A,3,1
974,Herrick,Sanchez,30000,IB0800A,3,1
975,Aleksandr,Perez,42000,IB0800A,3,1
976,Arlina,Gomez,33000,IB0800A,3,1
977,Wenonah,Martin,12000,IB0800A,3,1
978,Warner,Jimenez,30000,IB0800A,3,1
979,Libbey,Ruiz,42000,BA2491A,3,1
980,Brana,Hernandez,10000,BA2491A,3,1
981,Genevieve,Diaz,20000,BA2491A,3,1
982,Sharai,Moreno,10000,BA2491A,3,1
983,Josi,Alvarez,12000,BA2491A,3,1
984,Pebrook,Munoz,33000,BA2491A,3,1
985,Erna,Romero,33000,BA2491A,3,1
986,Ferd,Alonso,25000,BA2491A,3,1
987,Mohammed,Gutierrez,42000,BA2491A,3,1
988,Dawn,Navarro,37000,BA2491A,3,1
989,Wandie,Torres,25000,BA2491A,3,1
990,Chiarra,Dominguez,18000,MM0987B,3,2
991,Zaccaria,Vazquez,33000,MM0987B,3,2
992,Trenna,Ramos,10000,MM0987B,3,2
993,Angelia,Moreno,50000,MM0987B,3,2
994,Raquela,Alvarez,12000,MM0987B,3,2
995,Maxi,Munoz,18000,MM0987B,3,2
996,Atalanta,Romero,37000,MM0987B,3,2
997,De witt,Alonso,12000,MM0987B,3,2
998,Jaye,Gutierrez,25000,MM0987B,3,2
999,Tamarra,Navarro,15000,MM0987B,3,2
1000,Saleem,Torres,20000,MM0987B,3,2 
